[{"fields": {"subjectName": "eng"}, "model": "home_page_app.subject", "pk": 1}, {"fields": {"subjectName": "chem"}, "model": "home_page_app.subject", "pk": 2}, {"fields": {"subjectName": "physics"}, "model": "home_page_app.subject", "pk": 3}, {"fields": {"subjectName": "Bio"}, "model": "home_page_app.subject", "pk": 4}, {"fields": {"email": "aaron94@example.com", "password": "password", "username": "kristinsmith_4"}, "model": "auth.User", "pk": 4}, {"fields": {"email": "dan43@example.com", "password": "password", "username": "christopher66_5"}, "model": "auth.User", "pk": 5}, {"fields": {"email": "kdavis@example.net", "password": "password", "username": "jonathannoble_6"}, "model": "auth.User", "pk": 6}, {"fields": {"email": "yalexander@example.com", "password": "password", "username": "reyesjeffrey_7"}, "model": "auth.User", "pk": 7}, {"fields": {"email": "charles17@example.net", "password": "password", "username": "andrewsjonathan_8"}, "model": "auth.User", "pk": 8}, {"fields": {"email": "alexiswilliams@example.net", "password": "password", "username": "brooke47_9"}, "model": "auth.User", "pk": 9}, {"fields": {"email": "scottmichael@example.com", "password": "password", "username": "ronald24_10"}, "model": "auth.User", "pk": 10}, {"fields": {"email": "ryanmorgan@example.com", "password": "password", "username": "ealexander_11"}, "model": "auth.User", "pk": 11}, {"fields": {"email": "vcardenas@example.net", "password": "password", "username": "zbarnes_12"}, "model": "auth.User", "pk": 12}, {"fields": {"email": "zacharycooper@example.com", "password": "password", "username": "cameronklein_13"}, "model": "auth.User", "pk": 13}, {"fields": {"email": "davidrodriguez@example.org", "password": "password", "username": "julie79_14"}, "model": "auth.User", "pk": 14}, {"fields": {"email": "tara92@example.org", "password": "password", "username": "nancy19_15"}, "model": "auth.User", "pk": 15}, {"fields": {"email": "sampsontara@example.net", "password": "password", "username": "powersjesse_16"}, "model": "auth.User", "pk": 16}, {"fields": {"email": "hannahmontoya@example.com", "password": "password", "username": "sanchezjacqueline_17"}, "model": "auth.User", "pk": 17}, {"fields": {"email": "christophersummers@example.org", "password": "password", "username": "wilsonvanessa_18"}, "model": "auth.User", "pk": 18}, {"fields": {"email": "pricesharon@example.org", "password": "password", "username": "eric78_19"}, "model": "auth.User", "pk": 19}, {"fields": {"email": "kerrkaylee@example.net", "password": "password", "username": "johnnymooney_20"}, "model": "auth.User", "pk": 20}, {"fields": {"email": "nataliewright@example.org", "password": "password", "username": "kenneth36_21"}, "model": "auth.User", "pk": 21}, {"fields": {"email": "robertlittle@example.org", "password": "password", "username": "dwagner_22"}, "model": "auth.User", "pk": 22}, {"fields": {"email": "andrew38@example.org", "password": "password", "username": "victor29_23"}, "model": "auth.User", "pk": 23}, {"fields": {"email": "nicholasclark@example.net", "password": "password", "username": "schmidtjoseph_24"}, "model": "auth.User", "pk": 24}, {"fields": {"email": "james34@example.org", "password": "password", "username": "mckenzie74_25"}, "model": "auth.User", "pk": 25}, {"fields": {"email": "shelley00@example.net", "password": "password", "username": "bstewart_26"}, "model": "auth.User", "pk": 26}, {"fields": {"email": "crodriguez@example.net", "password": "password", "username": "stevenjames_27"}, "model": "auth.User", "pk": 27}, {"fields": {"email": "cwarren@example.com", "password": "password", "username": "edwinmclaughlin_28"}, "model": "auth.User", "pk": 28}, {"fields": {"email": "jamesmoreno@example.com", "password": "password", "username": "christopher03_29"}, "model": "auth.User", "pk": 29}, {"fields": {"email": "hpowers@example.com", "password": "password", "username": "harrisangela_30"}, "model": "auth.User", "pk": 30}, {"fields": {"email": "blakeyvonne@example.com", "password": "password", "username": "logan61_31"}, "model": "auth.User", "pk": 31}, {"fields": {"email": "christophermunoz@example.net", "password": "password", "username": "hunterclinton_32"}, "model": "auth.User", "pk": 32}, {"fields": {"email": "cookmary@example.com", "password": "password", "username": "jrangel_33"}, "model": "auth.User", "pk": 33}, {"fields": {"email": "johnsonpeter@example.net", "password": "password", "username": "dawnsantiago_34"}, "model": "auth.User", "pk": 34}, {"fields": {"email": "grayjoanne@example.org", "password": "password", "username": "framirez_35"}, "model": "auth.User", "pk": 35}, {"fields": {"email": "dawndavis@example.com", "password": "password", "username": "smithbenjamin_36"}, "model": "auth.User", "pk": 36}, {"fields": {"email": "hopkinschristina@example.org", "password": "password", "username": "stacy89_37"}, "model": "auth.User", "pk": 37}, {"fields": {"email": "robert22@example.net", "password": "password", "username": "coxhaley_38"}, "model": "auth.User", "pk": 38}, {"fields": {"email": "deborahgrant@example.com", "password": "password", "username": "jonathan42_39"}, "model": "auth.User", "pk": 39}, {"fields": {"email": "erodriguez@example.net", "password": "password", "username": "whitneywood_40"}, "model": "auth.User", "pk": 40}, {"fields": {"email": "erobinson@example.com", "password": "password", "username": "rogersryan_41"}, "model": "auth.User", "pk": 41}, {"fields": {"email": "brian01@example.org", "password": "password", "username": "brian17_42"}, "model": "auth.User", "pk": 42}, {"fields": {"email": "birdlarry@example.net", "password": "password", "username": "sergiomcdonald_43"}, "model": "auth.User", "pk": 43}, {"fields": {"email": "pknight@example.com", "password": "password", "username": "brittney40_44"}, "model": "auth.User", "pk": 44}, {"fields": {"email": "jim78@example.org", "password": "password", "username": "stephenchavez_45"}, "model": "auth.User", "pk": 45}, {"fields": {"email": "ronald55@example.com", "password": "password", "username": "graydebbie_46"}, "model": "auth.User", "pk": 46}, {"fields": {"email": "combsmichael@example.com", "password": "password", "username": "william53_47"}, "model": "auth.User", "pk": 47}, {"fields": {"email": "branchpaul@example.net", "password": "password", "username": "shaun20_48"}, "model": "auth.User", "pk": 48}, {"fields": {"email": "marshallraymond@example.org", "password": "password", "username": "moorecaleb_49"}, "model": "auth.User", "pk": 49}, {"fields": {"email": "sarah20@example.org", "password": "password", "username": "mitchellchristina_50"}, "model": "auth.User", "pk": 50}, {"fields": {"email": "theodorehaas@example.com", "password": "password", "username": "qmartinez_51"}, "model": "auth.User", "pk": 51}, {"fields": {"email": "watsonanna@example.org", "password": "password", "username": "bryan99_52"}, "model": "auth.User", "pk": 52}, {"fields": {"email": "monica25@example.com", "password": "password", "username": "lbest_53"}, "model": "auth.User", "pk": 53}, {"fields": {"email": "matthewharris@example.com", "password": "password", "username": "gaybrandon_54"}, "model": "auth.User", "pk": 54}, {"fields": {"email": "monica58@example.com", "password": "password", "username": "ericwalker_55"}, "model": "auth.User", "pk": 55}, {"fields": {"email": "thorntonjohnny@example.net", "password": "password", "username": "jasonglenn_56"}, "model": "auth.User", "pk": 56}, {"fields": {"email": "robert14@example.org", "password": "password", "username": "timothy78_57"}, "model": "auth.User", "pk": 57}, {"fields": {"email": "gonzalezdouglas@example.com", "password": "password", "username": "gwiggins_58"}, "model": "auth.User", "pk": 58}, {"fields": {"email": "ivargas@example.net", "password": "password", "username": "petersonchristopher_59"}, "model": "auth.User", "pk": 59}, {"fields": {"email": "melissa58@example.com", "password": "password", "username": "william42_60"}, "model": "auth.User", "pk": 60}, {"fields": {"email": "wweber@example.net", "password": "password", "username": "samanthapearson_61"}, "model": "auth.User", "pk": 61}, {"fields": {"email": "vjohnson@example.com", "password": "password", "username": "clarklindsey_62"}, "model": "auth.User", "pk": 62}, {"fields": {"email": "gillespiedebra@example.net", "password": "password", "username": "wyattwilliam_63"}, "model": "auth.User", "pk": 63}, {"fields": {"email": "alinancy@example.net", "password": "password", "username": "nancyholt_64"}, "model": "auth.User", "pk": 64}, {"fields": {"email": "ttate@example.net", "password": "password", "username": "leslieolson_65"}, "model": "auth.User", "pk": 65}, {"fields": {"email": "lindapeterson@example.net", "password": "password", "username": "barkernicole_66"}, "model": "auth.User", "pk": 66}, {"fields": {"email": "ncrane@example.com", "password": "password", "username": "davidbullock_67"}, "model": "auth.User", "pk": 67}, {"fields": {"email": "rebecca56@example.com", "password": "password", "username": "lisapetersen_68"}, "model": "auth.User", "pk": 68}, {"fields": {"email": "jgonzalez@example.com", "password": "password", "username": "suareznatasha_69"}, "model": "auth.User", "pk": 69}, {"fields": {"email": "millernatasha@example.org", "password": "password", "username": "qparker_70"}, "model": "auth.User", "pk": 70}, {"fields": {"email": "elucas@example.net", "password": "password", "username": "ethanblack_71"}, "model": "auth.User", "pk": 71}, {"fields": {"email": "ijohnson@example.com", "password": "password", "username": "heatherjones_72"}, "model": "auth.User", "pk": 72}, {"fields": {"email": "qmyers@example.com", "password": "password", "username": "watsonmelissa_73"}, "model": "auth.User", "pk": 73}, {"fields": {"email": "joshuadickerson@example.com", "password": "password", "username": "ifrye_74"}, "model": "auth.User", "pk": 74}, {"fields": {"email": "joshua24@example.net", "password": "password", "username": "philipmartin_75"}, "model": "auth.User", "pk": 75}, {"fields": {"email": "nancyrogers@example.com", "password": "password", "username": "donald36_76"}, "model": "auth.User", "pk": 76}, {"fields": {"email": "nterrell@example.net", "password": "password", "username": "austinmurphy_77"}, "model": "auth.User", "pk": 77}, {"fields": {"email": "kochluis@example.org", "password": "password", "username": "smithaudrey_78"}, "model": "auth.User", "pk": 78}, {"fields": {"email": "markmorrison@example.org", "password": "password", "username": "leonard21_79"}, "model": "auth.User", "pk": 79}, {"fields": {"email": "cynthiaramos@example.org", "password": "password", "username": "lsutton_80"}, "model": "auth.User", "pk": 80}, {"fields": {"email": "shawnthomas@example.org", "password": "password", "username": "taylorzachary_81"}, "model": "auth.User", "pk": 81}, {"fields": {"email": "bzhang@example.com", "password": "password", "username": "john27_82"}, "model": "auth.User", "pk": 82}, {"fields": {"email": "guerreroaustin@example.com", "password": "password", "username": "michaelchandler_83"}, "model": "auth.User", "pk": 83}, {"fields": {"email": "frank98@example.com", "password": "password", "username": "alex06_84"}, "model": "auth.User", "pk": 84}, {"fields": {"email": "rlloyd@example.com", "password": "password", "username": "oaustin_85"}, "model": "auth.User", "pk": 85}, {"fields": {"email": "wbowers@example.net", "password": "password", "username": "tonyryan_86"}, "model": "auth.User", "pk": 86}, {"fields": {"email": "john52@example.com", "password": "password", "username": "blewis_87"}, "model": "auth.User", "pk": 87}, {"fields": {"email": "benjaminblack@example.net", "password": "password", "username": "amymiles_88"}, "model": "auth.User", "pk": 88}, {"fields": {"email": "jason89@example.org", "password": "password", "username": "perrydavid_89"}, "model": "auth.User", "pk": 89}, {"fields": {"email": "carlosreed@example.org", "password": "password", "username": "debrahunter_90"}, "model": "auth.User", "pk": 90}, {"fields": {"email": "xperry@example.com", "password": "password", "username": "leslie69_91"}, "model": "auth.User", "pk": 91}, {"fields": {"email": "zacharywiggins@example.com", "password": "password", "username": "roserichard_92"}, "model": "auth.User", "pk": 92}, {"fields": {"email": "hbutler@example.com", "password": "password", "username": "michael60_93"}, "model": "auth.User", "pk": 93}, {"fields": {"email": "hudsonrhonda@example.net", "password": "password", "username": "melendezryan_94"}, "model": "auth.User", "pk": 94}, {"fields": {"email": "kdavenport@example.org", "password": "password", "username": "castanedachristina_95"}, "model": "auth.User", "pk": 95}, {"fields": {"email": "jbutler@example.com", "password": "password", "username": "zwilson_96"}, "model": "auth.User", "pk": 96}, {"fields": {"email": "njackson@example.com", "password": "password", "username": "awilliams_97"}, "model": "auth.User", "pk": 97}, {"fields": {"email": "ashleyrobinson@example.net", "password": "password", "username": "christopher68_98"}, "model": "auth.User", "pk": 98}, {"fields": {"email": "lharris@example.org", "password": "password", "username": "rachel62_99"}, "model": "auth.User", "pk": 99}, {"fields": {"email": "samuelmartin@example.com", "password": "password", "username": "schwartzgabrielle_100"}, "model": "auth.User", "pk": 100}, {"fields": {"email": "qmonroe@example.com", "password": "password", "username": "curtisbailey_101"}, "model": "auth.User", "pk": 101}, {"fields": {"email": "fmckinney@example.com", "password": "password", "username": "smithadrian_102"}, "model": "auth.User", "pk": 102}, {"fields": {"email": "cannonmelanie@example.org", "password": "password", "username": "brian45_103"}, "model": "auth.User", "pk": 103}, {"fields": {"Subject": 1, "first_name": "Steven Coleman", "last_name": "Autumn Harrington", "user": 4}, "model": "home_page_app.teacher", "pk": 1}, {"fields": {"Subject": 1, "first_name": "Tyler Ramos", "last_name": "Amy Hall", "user": 5}, "model": "home_page_app.teacher", "pk": 2}, {"fields": {"Subject": 1, "first_name": "Mitchell Frey", "last_name": "Adrienne Mcclure", "user": 6}, "model": "home_page_app.teacher", "pk": 3}, {"fields": {"Subject": 2, "first_name": "Travis Morrison", "last_name": "Michael Salazar", "user": 7}, "model": "home_page_app.teacher", "pk": 4}, {"fields": {"Subject": 4, "first_name": "Karla Lopez", "last_name": "Diane Vance", "user": 8}, "model": "home_page_app.teacher", "pk": 5}, {"fields": {"Subject": 1, "first_name": "John Leonard", "last_name": "Nathan West", "user": 9}, "model": "home_page_app.teacher", "pk": 6}, {"fields": {"Subject": 4, "first_name": "Dustin Edwards", "last_name": "Madeline Munoz", "user": 10}, "model": "home_page_app.teacher", "pk": 7}, {"fields": {"Subject": 1, "first_name": "Scott Weber", "last_name": "Joy Wiggins", "user": 11}, "model": "home_page_app.teacher", "pk": 8}, {"fields": {"Subject": 2, "first_name": "Eddie Bennett", "last_name": "Larry Gentry", "user": 12}, "model": "home_page_app.teacher", "pk": 9}, {"fields": {"Subject": 2, "first_name": "Allison Werner", "last_name": "Dominique Aguilar", "user": 13}, "model": "home_page_app.teacher", "pk": 10}, {"fields": {"Subject": 4, "first_name": "Kyle Hendrix DDS", "last_name": "Kristy Martin", "user": 14}, "model": "home_page_app.teacher", "pk": 11}, {"fields": {"Subject": 1, "first_name": "Casey Meyer", "last_name": "Joy Boyd", "user": 15}, "model": "home_page_app.teacher", "pk": 12}, {"fields": {"Subject": 3, "first_name": "Robert Olson", "last_name": "Nicole Stewart", "user": 16}, "model": "home_page_app.teacher", "pk": 13}, {"fields": {"Subject": 4, "first_name": "Tonya Mclean", "last_name": "Jessica Ramsey", "user": 17}, "model": "home_page_app.teacher", "pk": 14}, {"fields": {"Subject": 4, "first_name": "Lisa Aguilar", "last_name": "Robin Bell", "user": 18}, "model": "home_page_app.teacher", "pk": 15}, {"fields": {"Subject": 3, "first_name": "Linda Vazquez MD", "last_name": "Jennifer Burke", "user": 19}, "model": "home_page_app.teacher", "pk": 16}, {"fields": {"Subject": 4, "first_name": "Brian Aguilar", "last_name": "Nicholas Boyle", "user": 20}, "model": "home_page_app.teacher", "pk": 17}, {"fields": {"Subject": 1, "first_name": "Walter Miller", "last_name": "Jon Roberts", "user": 21}, "model": "home_page_app.teacher", "pk": 18}, {"fields": {"Subject": 2, "first_name": "Randall Foster", "last_name": "Bridget Howell", "user": 22}, "model": "home_page_app.teacher", "pk": 19}, {"fields": {"Subject": 3, "first_name": "Sheila Rush", "last_name": "Michelle Benson", "user": 23}, "model": "home_page_app.teacher", "pk": 20}, {"fields": {"Subject": 2, "first_name": "Alec Medina", "last_name": "Steven Lopez", "user": 24}, "model": "home_page_app.teacher", "pk": 21}, {"fields": {"Subject": 4, "first_name": "Andre Gaines", "last_name": "Danielle Carpenter", "user": 25}, "model": "home_page_app.teacher", "pk": 22}, {"fields": {"Subject": 2, "first_name": "Penny Farrell", "last_name": "Michael Hall", "user": 26}, "model": "home_page_app.teacher", "pk": 23}, {"fields": {"Subject": 2, "first_name": "Anthony Mejia", "last_name": "Kimberly Patterson", "user": 27}, "model": "home_page_app.teacher", "pk": 24}, {"fields": {"Subject": 3, "first_name": "Kenneth Johnson", "last_name": "Deborah Dean", "user": 28}, "model": "home_page_app.teacher", "pk": 25}, {"fields": {"Subject": 4, "first_name": "Heather Moreno", "last_name": "April Adams", "user": 29}, "model": "home_page_app.teacher", "pk": 26}, {"fields": {"Subject": 1, "first_name": "Brett Lynch", "last_name": "Abigail Kirby", "user": 30}, "model": "home_page_app.teacher", "pk": 27}, {"fields": {"Subject": 1, "first_name": "Timothy Martin", "last_name": "Eric Green", "user": 31}, "model": "home_page_app.teacher", "pk": 28}, {"fields": {"Subject": 4, "first_name": "Jennifer Roberts", "last_name": "Debra Campbell", "user": 32}, "model": "home_page_app.teacher", "pk": 29}, {"fields": {"Subject": 3, "first_name": "Melissa Campos", "last_name": "Dylan Cook", "user": 33}, "model": "home_page_app.teacher", "pk": 30}, {"fields": {"Subject": 2, "first_name": "Matthew Sloan", "last_name": "Anthony Lewis", "user": 34}, "model": "home_page_app.teacher", "pk": 31}, {"fields": {"Subject": 3, "first_name": "Holly Smith", "last_name": "Charles Friedman", "user": 35}, "model": "home_page_app.teacher", "pk": 32}, {"fields": {"Subject": 3, "first_name": "Michele Adams", "last_name": "Jonathan Williams", "user": 36}, "model": "home_page_app.teacher", "pk": 33}, {"fields": {"Subject": 2, "first_name": "Rodney Compton", "last_name": "George Goodman", "user": 37}, "model": "home_page_app.teacher", "pk": 34}, {"fields": {"Subject": 3, "first_name": "Sherri Shelton", "last_name": "Michael Harris", "user": 38}, "model": "home_page_app.teacher", "pk": 35}, {"fields": {"Subject": 2, "first_name": "Chloe Pennington", "last_name": "Alexis Cole", "user": 39}, "model": "home_page_app.teacher", "pk": 36}, {"fields": {"Subject": 3, "first_name": "Ms. Rhonda Jones", "last_name": "Paula Bailey", "user": 40}, "model": "home_page_app.teacher", "pk": 37}, {"fields": {"Subject": 1, "first_name": "Matthew Brooks", "last_name": "Diana Murray", "user": 41}, "model": "home_page_app.teacher", "pk": 38}, {"fields": {"Subject": 4, "first_name": "Justin Acosta", "last_name": "Brandon Lopez", "user": 42}, "model": "home_page_app.teacher", "pk": 39}, {"fields": {"Subject": 3, "first_name": "Caleb Thompson", "last_name": "Aaron West", "user": 43}, "model": "home_page_app.teacher", "pk": 40}, {"fields": {"Subject": 1, "first_name": "Destiny York", "last_name": "John May", "user": 44}, "model": "home_page_app.teacher", "pk": 41}, {"fields": {"Subject": 4, "first_name": "Paul Chapman", "last_name": "Katherine Williams", "user": 45}, "model": "home_page_app.teacher", "pk": 42}, {"fields": {"Subject": 2, "first_name": "Theodore Simpson", "last_name": "Zachary Thompson", "user": 46}, "model": "home_page_app.teacher", "pk": 43}, {"fields": {"Subject": 1, "first_name": "Mark Watson", "last_name": "Tony Zimmerman", "user": 47}, "model": "home_page_app.teacher", "pk": 44}, {"fields": {"Subject": 1, "first_name": "Joseph Cain", "last_name": "Ricky Adams", "user": 48}, "model": "home_page_app.teacher", "pk": 45}, {"fields": {"Subject": 1, "first_name": "Michael Pena", "last_name": "Tracy Gutierrez", "user": 49}, "model": "home_page_app.teacher", "pk": 46}, {"fields": {"Subject": 3, "first_name": "Stacey Hancock", "last_name": "Aimee Henry", "user": 50}, "model": "home_page_app.teacher", "pk": 47}, {"fields": {"Subject": 3, "first_name": "Tyler Cummings", "last_name": "Shawn Garcia", "user": 51}, "model": "home_page_app.teacher", "pk": 48}, {"fields": {"Subject": 2, "first_name": "Shannon Hobbs", "last_name": "Robert Martinez", "user": 52}, "model": "home_page_app.teacher", "pk": 49}, {"fields": {"Subject": 3, "first_name": "Alison Duncan", "last_name": "Nicole Johnson", "user": 53}, "model": "home_page_app.teacher", "pk": 50}, {"fields": {"Subject": 1, "first_name": "Adam Duffy", "last_name": "Elizabeth Hopkins", "user": 54}, "model": "home_page_app.teacher", "pk": 51}, {"fields": {"Subject": 1, "first_name": "Sarah Perez", "last_name": "Michael Walker", "user": 55}, "model": "home_page_app.teacher", "pk": 52}, {"fields": {"Subject": 1, "first_name": "Margaret Combs", "last_name": "Taylor Butler", "user": 56}, "model": "home_page_app.teacher", "pk": 53}, {"fields": {"Subject": 1, "first_name": "Dr. Amanda Bennett", "last_name": "Terry Fuentes", "user": 57}, "model": "home_page_app.teacher", "pk": 54}, {"fields": {"Subject": 2, "first_name": "Erin Olson", "last_name": "Lisa Wilkins", "user": 58}, "model": "home_page_app.teacher", "pk": 55}, {"fields": {"Subject": 1, "first_name": "Brandon Henry", "last_name": "Tara Graham", "user": 59}, "model": "home_page_app.teacher", "pk": 56}, {"fields": {"Subject": 2, "first_name": "Brian Tran", "last_name": "Alison Rosario", "user": 60}, "model": "home_page_app.teacher", "pk": 57}, {"fields": {"Subject": 2, "first_name": "Nancy Roman", "last_name": "Manuel Valencia", "user": 61}, "model": "home_page_app.teacher", "pk": 58}, {"fields": {"Subject": 1, "first_name": "Jacob Carr", "last_name": "Roger Flores", "user": 62}, "model": "home_page_app.teacher", "pk": 59}, {"fields": {"Subject": 4, "first_name": "Mr. Matthew Fitzgerald", "last_name": "Brandon Berry", "user": 63}, "model": "home_page_app.teacher", "pk": 60}, {"fields": {"Subject": 2, "first_name": "Colleen Arnold", "last_name": "Matthew Chen", "user": 64}, "model": "home_page_app.teacher", "pk": 61}, {"fields": {"Subject": 2, "first_name": "Susan Sherman", "last_name": "Tracey Lee", "user": 65}, "model": "home_page_app.teacher", "pk": 62}, {"fields": {"Subject": 1, "first_name": "Mrs. Jennifer Smith", "last_name": "Garrett Rodriguez", "user": 66}, "model": "home_page_app.teacher", "pk": 63}, {"fields": {"Subject": 4, "first_name": "Jennifer Smith", "last_name": "Hannah Williamson", "user": 67}, "model": "home_page_app.teacher", "pk": 64}, {"fields": {"Subject": 1, "first_name": "Becky Lewis", "last_name": "Joseph George", "user": 68}, "model": "home_page_app.teacher", "pk": 65}, {"fields": {"Subject": 4, "first_name": "Brandon Lewis", "last_name": "Sara Jackson", "user": 69}, "model": "home_page_app.teacher", "pk": 66}, {"fields": {"Subject": 1, "first_name": "Marcus Chavez", "last_name": "Melissa Elliott MD", "user": 70}, "model": "home_page_app.teacher", "pk": 67}, {"fields": {"Subject": 4, "first_name": "Richard Dixon", "last_name": "Derek Graham", "user": 71}, "model": "home_page_app.teacher", "pk": 68}, {"fields": {"Subject": 3, "first_name": "Chase Sanchez", "last_name": "George Porter", "user": 72}, "model": "home_page_app.teacher", "pk": 69}, {"fields": {"Subject": 2, "first_name": "Jason Shaffer", "last_name": "Courtney Curry", "user": 73}, "model": "home_page_app.teacher", "pk": 70}, {"fields": {"Subject": 3, "first_name": "Steven Henderson", "last_name": "Sheri Ho", "user": 74}, "model": "home_page_app.teacher", "pk": 71}, {"fields": {"Subject": 1, "first_name": "Jesse Hall", "last_name": "Brian Lang", "user": 75}, "model": "home_page_app.teacher", "pk": 72}, {"fields": {"Subject": 2, "first_name": "Monica Walter", "last_name": "Christina Macdonald", "user": 76}, "model": "home_page_app.teacher", "pk": 73}, {"fields": {"Subject": 3, "first_name": "Brian Mccormick", "last_name": "Juan Jones", "user": 77}, "model": "home_page_app.teacher", "pk": 74}, {"fields": {"Subject": 1, "first_name": "Jeremy Harding", "last_name": "David Riddle", "user": 78}, "model": "home_page_app.teacher", "pk": 75}, {"fields": {"Subject": 3, "first_name": "Julie Palmer", "last_name": "Lindsey Downs", "user": 79}, "model": "home_page_app.teacher", "pk": 76}, {"fields": {"Subject": 4, "first_name": "Nicole West", "last_name": "Joseph Ramos", "user": 80}, "model": "home_page_app.teacher", "pk": 77}, {"fields": {"Subject": 1, "first_name": "Craig Pierce", "last_name": "Lawrence Lindsey", "user": 81}, "model": "home_page_app.teacher", "pk": 78}, {"fields": {"Subject": 1, "first_name": "Carl Beard", "last_name": "Darrell Wood", "user": 82}, "model": "home_page_app.teacher", "pk": 79}, {"fields": {"Subject": 2, "first_name": "Louis Christian", "last_name": "Sarah Garcia", "user": 83}, "model": "home_page_app.teacher", "pk": 80}, {"fields": {"Subject": 3, "first_name": "Ryan Davidson", "last_name": "Jasmine Olson", "user": 84}, "model": "home_page_app.teacher", "pk": 81}, {"fields": {"Subject": 1, "first_name": "Elizabeth Gordon", "last_name": "Michelle Glover", "user": 85}, "model": "home_page_app.teacher", "pk": 82}, {"fields": {"Subject": 1, "first_name": "Paul Rice", "last_name": "Stanley Smith", "user": 86}, "model": "home_page_app.teacher", "pk": 83}, {"fields": {"Subject": 4, "first_name": "Stephanie Martinez", "last_name": "Kelli Spencer", "user": 87}, "model": "home_page_app.teacher", "pk": 84}, {"fields": {"Subject": 1, "first_name": "Ruth Moon", "last_name": "Robert Best", "user": 88}, "model": "home_page_app.teacher", "pk": 85}, {"fields": {"Subject": 4, "first_name": "Kevin Perez", "last_name": "Amy Reed", "user": 89}, "model": "home_page_app.teacher", "pk": 86}, {"fields": {"Subject": 4, "first_name": "Elizabeth Murphy", "last_name": "Martin Sharp", "user": 90}, "model": "home_page_app.teacher", "pk": 87}, {"fields": {"Subject": 2, "first_name": "Lisa Lewis", "last_name": "Jerry Kemp", "user": 91}, "model": "home_page_app.teacher", "pk": 88}, {"fields": {"Subject": 4, "first_name": "Donald Fisher", "last_name": "Chad White", "user": 92}, "model": "home_page_app.teacher", "pk": 89}, {"fields": {"Subject": 3, "first_name": "Pamela Romero", "last_name": "Ryan Gordon", "user": 93}, "model": "home_page_app.teacher", "pk": 90}, {"fields": {"Subject": 1, "first_name": "Justin Riley", "last_name": "Edward Watson", "user": 94}, "model": "home_page_app.teacher", "pk": 91}, {"fields": {"Subject": 3, "first_name": "Blake Hernandez", "last_name": "Catherine Foster", "user": 95}, "model": "home_page_app.teacher", "pk": 92}, {"fields": {"Subject": 1, "first_name": "Karen Miller", "last_name": "Lauren Johnson", "user": 96}, "model": "home_page_app.teacher", "pk": 93}, {"fields": {"Subject": 3, "first_name": "Sue Hayes", "last_name": "Melissa Johnson", "user": 97}, "model": "home_page_app.teacher", "pk": 94}, {"fields": {"Subject": 4, "first_name": "Timothy Gaines", "last_name": "Eric Jackson", "user": 98}, "model": "home_page_app.teacher", "pk": 95}, {"fields": {"Subject": 2, "first_name": "Evan Williams", "last_name": "Meghan Benitez", "user": 99}, "model": "home_page_app.teacher", "pk": 96}, {"fields": {"Subject": 3, "first_name": "Scott Jackson", "last_name": "Amy Howard", "user": 100}, "model": "home_page_app.teacher", "pk": 97}, {"fields": {"Subject": 4, "first_name": "Jerry Young", "last_name": "Brett Aguilar", "user": 101}, "model": "home_page_app.teacher", "pk": 98}, {"fields": {"Subject": 3, "first_name": "Timothy Lee", "last_name": "Debra Sandoval", "user": 102}, "model": "home_page_app.teacher", "pk": 99}, {"fields": {"Subject": 2, "first_name": "Kevin Jones", "last_name": "Robert Martinez", "user": 103}, "model": "home_page_app.teacher", "pk": 100}]